{
  "best_model": "SVM_rbf",
  "best_skipper_score": 0.9954784132392309,
  "models": {
    "SVM_linear": {
      "accuracy": 0.9894378194207836,
      "recall": 0.9988587708587708,
      "f1": 0.9912311891574912,
      "skipper_score": 0.9932061999959785,
      "time_s": 2.123171806335449
    },
    "SVM_rbf": {
      "accuracy": 0.9928449744463373,
      "recall": 0.9994285714285714,
      "f1": 0.9940432837115948,
      "skipper_score": 0.9954784132392309,
      "time_s": 1.2292149066925049
    },
    "RandomForest": {
      "accuracy": 0.9925042589437819,
      "recall": 0.9988587708587708,
      "f1": 0.9937523937298307,
      "skipper_score": 0.9950460637097776,
      "time_s": 3.41491436958313
    },
    "GradientBoosting": {
      "accuracy": 0.9904599659284496,
      "recall": 0.9965730565730565,
      "f1": 0.992054089570456,
      "skipper_score": 0.9929052021862924,
      "time_s": 23.564939975738525
    }
  }
}