{
  "task": "t4_parallel_pipelines",
  "best_model": "SVM_rbf",
  "best_f1": 0.9596833724609575,
  "models": {
    "SVM_linear": {
      "f1": 0.9443007105062762,
      "accuracy": 0.9664705882352941,
      "recall": 0.9640000000000001,
      "time_s": 1.4112462997436523
    },
    "SVM_rbf": {
      "f1": 0.9596833724609575,
      "accuracy": 0.9764705882352942,
      "recall": 0.96,
      "time_s": 0.824415922164917
    },
    "RandomForest": {
      "f1": 0.9259552862692113,
      "accuracy": 0.9588235294117646,
      "recall": 0.876,
      "time_s": 2.072042942047119
    },
    "GradientBoosting": {
      "f1": 0.9395512376058835,
      "accuracy": 0.9658823529411764,
      "recall": 0.9039999999999999,
      "time_s": 8.16624641418457
    }
  }
}